,Time,Destination,Info
0,19:27:21.656456,180.250.13.34,mongodb.net
1,19:27:21.984731,180.250.13.34,akamaihd.net
3,19:27:22.013832,118.98.44.50,mongodb.net
6,19:27:28.908989,180.250.13.34,msftconnecttest.com
8,19:27:54.557605,180.250.13.34,mongodb.net
9,19:27:54.882513,118.98.44.50,mongodb.net
12,19:27:56.563015,180.250.13.34,mongodb.net
13,19:27:56.889194,118.98.44.50,mongodb.net
16,19:28:28.956409,180.250.13.34,msftconnecttest.com
18,19:28:30.850080,118.98.44.50,google.com
19,19:28:30.850634,118.98.44.50,google.com
22,19:28:32.472816,180.250.13.34,mongodb.net
23,19:28:32.795329,118.98.44.50,mongodb.net
26,19:28:58.327110,118.98.44.50,gstatic.com
27,19:28:58.327407,118.98.44.50,gstatic.com
30,19:28:58.993307,180.250.13.34,msftconnecttest.com
32,19:29:01.599970,180.250.13.34,mongodb.net
34,19:29:08.300221,180.250.13.34,mongodb.net
35,19:29:08.626404,118.98.44.50,mongodb.net
37,19:29:33.632639,180.250.13.34,mongodb.net
38,19:29:33.957336,118.98.44.50,mongodb.net
41,19:30:00.119114,180.250.13.34,msftconnecttest.com
43,19:30:04.491043,180.250.13.34,mongodb.net
44,19:30:04.815171,118.98.44.50,mongodb.net
47,19:30:08.354072,180.250.13.34,mongodb.net
49,19:30:25.929791,118.98.44.50,msftconnecttest.com
51,19:30:27.370697,180.250.13.34,mongodb.net
53,19:30:28.481122,180.250.13.34,mongodb.net
55,19:30:29.479332,118.98.44.50,google.com
57,19:30:29.972238,118.98.44.50,google.com
58,19:30:30.040313,180.250.13.34,mongodb.net
61,19:30:38.851299,118.98.44.50,zopim.com
62,19:30:38.851726,118.98.44.50,zopim.com
65,19:31:05.063941,118.98.44.50,google.com
66,19:31:05.064322,118.98.44.50,google.com
69,19:31:10.299919,118.98.44.50,google.com
70,19:31:10.300280,118.98.44.50,google.com
71,19:31:11.002532,118.98.44.50,google.com
72,19:31:11.003572,180.250.13.34,google.com
75,19:31:12.789213,180.250.13.34,googleapis.com
76,19:31:12.789562,180.250.13.34,googleapis.com
79,19:31:14.419752,180.250.13.34,googleapis.com
80,19:31:14.420057,180.250.13.34,googleapis.com
83,19:31:15.716128,180.250.13.34,google.com
84,19:31:15.717846,180.250.13.34,google.com
87,19:31:16.212099,180.250.13.34,google.com
88,19:31:16.212403,180.250.13.34,google.com
91,19:31:16.811373,180.250.13.34,google.com
92,19:31:16.812463,180.250.13.34,google.com
95,19:31:18.230752,180.250.13.34,google.com
96,19:31:18.231180,180.250.13.34,google.com
99,19:31:18.250328,180.250.13.34,tableau.com
100,19:31:18.250640,180.250.13.34,tableau.com
103,19:31:18.896271,180.250.13.34,intellimize.co
104,19:31:18.896794,180.250.13.34,intellimize.co
105,19:31:18.946823,180.250.13.34,fonts.net
106,19:31:18.947279,180.250.13.34,fonts.net
111,19:31:20.949061,180.250.13.34,intellimizeio.com
112,19:31:20.949430,180.250.13.34,intellimizeio.com
113,19:31:21.032545,180.250.13.34,intellimize.co
114,19:31:21.032929,180.250.13.34,intellimize.co
117,19:31:21.424751,180.250.13.34,akamaihd.net
121,19:31:21.603243,180.250.13.34,tableau.com
122,19:31:21.603603,180.250.13.34,tableau.com
123,19:31:21.604584,180.250.13.34,en25.com
124,19:31:21.604826,180.250.13.34,en25.com
127,19:31:21.877645,180.250.13.34,google.com
128,19:31:21.877988,180.250.13.34,google.com
131,19:31:21.911736,180.250.13.34,doubleclick.net
132,19:31:21.912646,180.250.13.34,doubleclick.net
133,19:31:21.918565,180.250.13.34,crazyegg.com
134,19:31:21.918854,180.250.13.34,crazyegg.com
139,19:31:21.956076,180.250.13.34,googleadservices.com
140,19:31:21.956436,180.250.13.34,googleadservices.com
141,19:31:21.964588,180.250.13.34,doubleclick.net
142,19:31:21.964981,180.250.13.34,doubleclick.net
143,19:31:21.966843,180.250.13.34,quora.com
144,19:31:21.967221,180.250.13.34,quora.com
151,19:31:22.023707,180.250.13.34,tableau.com
152,19:31:22.024108,180.250.13.34,tableau.com
155,19:31:22.497566,180.250.13.34,cheqzone.com
156,19:31:22.498304,180.250.13.34,cheqzone.com
158,19:31:22.503757,180.250.13.34,linkedin.com
159,19:31:22.504026,180.250.13.34,linkedin.com
160,19:31:22.517617,180.250.13.34,doubleclick.net
161,19:31:22.517921,180.250.13.34,doubleclick.net
163,19:31:22.526241,180.250.13.34,google-analytics.com
164,19:31:22.526607,180.250.13.34,google-analytics.com
171,19:31:22.585946,180.250.13.34,lytics.io
172,19:31:22.586236,180.250.13.34,lytics.io
174,19:31:22.679541,180.250.13.34,siteimproveanalytics.io
175,19:31:22.679902,180.250.13.34,siteimproveanalytics.io
176,19:31:22.737688,180.250.13.34,google.com
177,19:31:22.738061,180.250.13.34,google.com
178,19:31:22.738555,180.250.13.34,google.co.id
179,19:31:22.738860,180.250.13.34,google.co.id
189,19:31:23.950312,180.250.13.34,google.com
190,19:31:23.952156,180.250.13.34,google.com
193,19:31:24.664237,180.250.13.34,doubleclick.net
194,19:31:24.664659,180.250.13.34,doubleclick.net
195,19:31:24.789331,180.250.13.34,nr-data.net
196,19:31:24.789635,180.250.13.34,nr-data.net
201,19:31:25.769071,180.250.13.34,google.com
202,19:31:25.769312,180.250.13.34,google.com
205,19:31:26.544355,180.250.13.34,msftconnecttest.com
207,19:31:29.740032,180.250.13.34,mongodb.net
208,19:31:29.896202,180.250.13.34,mongodb.net
209,19:31:30.747732,118.98.44.50,mongodb.net
210,19:31:30.903546,118.98.44.50,mongodb.net
211,19:31:31.748241,118.98.44.50,mongodb.net
217,19:31:32.298746,180.250.13.34,tblsft.com
218,19:31:32.299071,180.250.13.34,tblsft.com
221,19:31:33.025820,180.250.13.34,googleapis.com
222,19:31:33.026127,180.250.13.34,googleapis.com
225,19:31:36.189303,180.250.13.34,mongodb.net
227,19:31:47.501893,118.98.44.50,google.com
229,19:31:48.010115,180.250.13.34,google.com
230,19:31:48.010430,180.250.13.34,tableau.com
231,19:31:48.010631,180.250.13.34,tableau.com
235,19:31:48.468356,180.250.13.34,cheqzone.com
236,19:31:48.468864,180.250.13.34,cheqzone.com
237,19:31:48.471215,180.250.13.34,nr-data.net
238,19:31:48.471615,180.250.13.34,nr-data.net
241,19:31:48.504323,180.250.13.34,intellimize.co
242,19:31:48.504859,180.250.13.34,intellimize.co
247,19:31:49.684012,180.250.13.34,intellimizeio.com
248,19:31:49.684248,180.250.13.34,intellimizeio.com
249,19:31:49.745528,180.250.13.34,intellimize.co
250,19:31:49.745904,180.250.13.34,intellimize.co
251,19:31:49.988732,180.250.13.34,tableau.com
252,19:31:49.989026,180.250.13.34,tableau.com
253,19:31:49.989835,180.250.13.34,en25.com
254,19:31:49.990112,180.250.13.34,en25.com
263,19:31:50.257092,180.250.13.34,tableau.com
264,19:31:50.257410,180.250.13.34,tableau.com
265,19:31:50.331890,180.250.13.34,crazyegg.com
266,19:31:50.332424,180.250.13.34,crazyegg.com
269,19:31:50.465794,180.250.13.34,linkedin.com
270,19:31:50.466018,180.250.13.34,linkedin.com
273,19:31:50.537822,180.250.13.34,lytics.io
274,19:31:50.538034,180.250.13.34,lytics.io
275,19:31:50.568252,180.250.13.34,siteimproveanalytics.io
276,19:31:50.568638,180.250.13.34,siteimproveanalytics.io
278,19:31:50.653424,180.250.13.34,cloudflare.com
279,19:31:50.653943,180.250.13.34,cloudflare.com
280,19:31:50.671432,180.250.13.34,google.com
281,19:31:50.672010,180.250.13.34,google.com
291,19:31:52.863738,180.250.13.34,zopim.com
292,19:31:52.864314,180.250.13.34,zopim.com
295,19:31:54.796250,180.250.13.34,tblsft.com
296,19:31:54.796611,180.250.13.34,tblsft.com
298,19:31:55.200182,180.250.13.34,quora.com
299,19:31:55.200713,180.250.13.34,quora.com
303,19:31:57.868993,118.98.44.50,criteo.com
304,19:31:57.869508,118.98.44.50,criteo.com
307,19:31:58.924772,180.250.13.34,microsoft.com
309,19:32:06.527582,180.250.13.34,gvt2.com
310,19:32:06.528756,180.250.13.34,gvt2.com
313,19:32:14.689637,180.250.13.34,office365.com
315,19:32:14.889760,180.250.13.34,office.com
317,19:32:15.368808,180.250.13.34,office.com
319,19:32:15.856043,180.250.13.34,office365.com
321,19:32:15.993751,180.250.13.34,office.com
323,19:32:18.413703,180.250.13.34,gstatic.com
324,19:32:18.414519,180.250.13.34,gstatic.com
327,19:32:18.571325,180.250.13.34,googleusercontent.com
328,19:32:18.571687,180.250.13.34,googleusercontent.com
331,19:32:21.297744,180.250.13.34,google.com
332,19:32:21.298206,180.250.13.34,google.com
335,19:32:22.068794,180.250.13.34,google.com
336,19:32:22.069043,180.250.13.34,google.com
339,19:32:22.343565,180.250.13.34,google.com
340,19:32:22.343970,180.250.13.34,google.com
343,19:32:22.785616,180.250.13.34,google.com
344,19:32:22.785967,180.250.13.34,google.com
347,19:32:22.802627,180.250.13.34,yasir252.com
348,19:32:22.803024,180.250.13.34,yasir252.com
351,19:32:23.708207,180.250.13.34,googletagmanager.com
352,19:32:23.708431,180.250.13.34,googletagmanager.com
355,19:32:23.804899,180.250.13.34,wp.com
356,19:32:23.805219,180.250.13.34,wp.com
359,19:32:24.201784,180.250.13.34,google-analytics.com
360,19:32:24.202052,180.250.13.34,google-analytics.com
363,19:32:24.247570,180.250.13.34,wp.com
364,19:32:24.247913,180.250.13.34,wp.com
365,19:32:24.251168,180.250.13.34,googleapis.com
366,19:32:24.251485,180.250.13.34,googleapis.com
371,19:32:25.888929,180.250.13.34,doubleclick.net
372,19:32:25.889286,180.250.13.34,doubleclick.net
375,19:32:26.393941,180.250.13.34,google.com
376,19:32:26.394180,180.250.13.34,google.com
379,19:32:31.168287,180.250.13.34,mongodb.net
380,19:32:31.408225,180.250.13.34,google.com
381,19:32:31.409137,180.250.13.34,google.com
383,19:32:31.464927,180.250.13.34,mongodb.net
387,19:32:32.054709,180.250.13.34,google.com
388,19:32:32.055444,180.250.13.34,google.com
391,19:32:33.156842,180.250.13.34,gvt2.com
392,19:32:33.157574,180.250.13.34,gvt2.com
395,19:32:40.153861,180.250.13.34,mongodb.net
397,19:32:42.607419,180.250.13.34,msftconnecttest.com
399,19:32:46.189376,180.250.13.34,google.com
400,19:32:46.189731,180.250.13.34,google.com
403,19:32:50.757300,180.250.13.34,google.co.id
404,19:32:50.757551,180.250.13.34,google.co.id
407,19:32:56.736651,180.250.13.34,google.com
408,19:32:56.737170,180.250.13.34,google.com
411,19:33:03.359361,180.250.13.34,intellimize.co
412,19:33:03.359626,180.250.13.34,intellimize.co
413,19:33:03.420109,180.250.13.34,doubleclick.net
414,19:33:03.420328,180.250.13.34,doubleclick.net
418,19:33:03.454669,180.250.13.34,googleadservices.com
419,19:33:03.454959,180.250.13.34,googleadservices.com
422,19:33:03.464307,180.250.13.34,doubleclick.net
423,19:33:03.464706,180.250.13.34,doubleclick.net
424,19:33:03.465951,180.250.13.34,quora.com
425,19:33:03.466160,180.250.13.34,quora.com
430,19:33:03.710852,180.250.13.34,googleapis.com
431,19:33:03.711214,180.250.13.34,googleapis.com
433,19:33:03.769438,180.250.13.34,google.com
434,19:33:03.769710,180.250.13.34,google.com
438,19:33:04.272493,180.250.13.34,doubleclick.net
439,19:33:04.272874,180.250.13.34,doubleclick.net
440,19:33:04.296307,180.250.13.34,google-analytics.com
441,19:33:04.296695,180.250.13.34,google-analytics.com
446,19:33:04.394341,180.250.13.34,google.com
447,19:33:04.394647,180.250.13.34,google.com
450,19:33:04.436378,180.250.13.34,siteimproveanalytics.io
451,19:33:04.436591,180.250.13.34,siteimproveanalytics.io
453,19:33:04.673711,180.250.13.34,lytics.io
454,19:33:04.674017,180.250.13.34,lytics.io
457,19:33:04.856674,180.250.13.34,intellimizeio.com
458,19:33:04.856962,180.250.13.34,intellimizeio.com
459,19:33:04.925310,180.250.13.34,intellimize.co
460,19:33:04.925663,180.250.13.34,intellimize.co
466,19:33:07.830491,180.250.13.34,nr-data.net
467,19:33:07.831032,180.250.13.34,nr-data.net
470,19:33:07.863446,180.250.13.34,polyfill.io
471,19:33:07.863892,180.250.13.34,polyfill.io
473,19:33:07.895733,180.250.13.34,googletagmanager.com
474,19:33:07.896318,180.250.13.34,googletagmanager.com
478,19:33:08.246179,180.250.13.34,googleapis.com
479,19:33:08.246458,180.250.13.34,googleapis.com
482,19:33:08.295148,180.250.13.34,oribi.io
483,19:33:08.295535,180.250.13.34,oribi.io
486,19:33:08.595305,180.250.13.34,launchdarkly.com
487,19:33:08.595595,180.250.13.34,launchdarkly.com
490,19:33:08.744960,180.250.13.34,launchdarkly.com
491,19:33:08.745172,180.250.13.34,launchdarkly.com
494,19:33:09.218949,180.250.13.34,launchdarkly.com
495,19:33:09.219343,180.250.13.34,launchdarkly.com
498,19:33:33.240393,180.250.13.34,google.com
499,19:33:33.240841,180.250.13.34,google.com
502,19:33:33.736747,180.250.13.34,mongodb.net
504,19:33:38.280950,180.250.13.34,googleapis.com
505,19:33:38.281641,180.250.13.34,googleapis.com
508,19:33:38.866539,180.250.13.34,tableau.com
509,19:33:38.867959,180.250.13.34,tableau.com
512,19:33:39.966859,180.250.13.34,cookielaw.org
513,19:33:39.967234,180.250.13.34,cookielaw.org
516,19:33:41.552517,180.250.13.34,newrelic.com
517,19:33:41.552826,180.250.13.34,newrelic.com
520,19:33:41.746652,180.250.13.34,tblsft.com
521,19:33:41.746949,180.250.13.34,tblsft.com
522,19:33:41.850816,180.250.13.34,gvt2.com
523,19:33:41.851177,180.250.13.34,gvt2.com
528,19:33:42.191835,180.250.13.34,mongodb.net
530,19:33:42.675926,180.250.13.34,msftconnecttest.com
532,19:33:45.211068,180.250.13.34,mongodb.net
534,19:33:50.659976,180.250.13.34,nel.goog
535,19:33:50.660943,180.250.13.34,nel.goog
538,19:33:58.401135,180.250.13.34,gstatic.com
539,19:33:58.401776,180.250.13.34,gstatic.com
542,19:33:59.965038,180.250.13.34,akamaihd.net
544,19:34:07.080086,180.250.13.34,google.com
545,19:34:07.080907,180.250.13.34,google.com
548,19:34:23.236880,180.250.13.34,tableau.com
549,19:34:23.237176,180.250.13.34,tableau.com
552,19:34:24.712025,180.250.13.34,googletagmanager.com
553,19:34:24.712360,180.250.13.34,googletagmanager.com
556,19:34:25.974929,180.250.13.34,googleapis.com
557,19:34:25.975299,180.250.13.34,googleapis.com
560,19:34:26.071760,180.250.13.34,googleapis.com
561,19:34:26.074176,180.250.13.34,googleapis.com
564,19:34:32.071294,180.250.13.34,googleapis.com
565,19:34:32.071717,180.250.13.34,googleapis.com
568,19:34:37.940525,180.250.13.34,mongodb.net
569,19:34:38.509698,180.250.13.34,amazonaws.com
570,19:34:38.510140,180.250.13.34,amazonaws.com
574,19:34:38.743691,180.250.13.34,google-analytics.com
575,19:34:38.743909,180.250.13.34,google-analytics.com
578,19:34:42.756468,180.250.13.34,msftconnecttest.com
580,19:34:48.762503,180.250.13.34,mongodb.net
582,19:34:50.669711,180.250.13.34,nel.goog
583,19:34:50.669987,180.250.13.34,nel.goog
584,19:34:50.670393,180.250.13.34,gvt2.com
585,19:34:50.670603,180.250.13.34,gvt2.com
590,19:34:52.414729,180.250.13.34,tableau.com
591,19:34:52.415059,180.250.13.34,tableau.com
592,19:34:52.485327,180.250.13.34,mongodb.net
594,19:34:52.717748,180.250.13.34,doubleclick.net
595,19:34:52.718003,180.250.13.34,doubleclick.net
600,19:35:13.574581,180.250.13.34,google.com
601,19:35:13.574959,180.250.13.34,google.com
604,19:35:16.447032,180.250.13.34,google.com
605,19:35:16.447415,180.250.13.34,google.com
608,19:35:17.246147,180.250.13.34,google.com
609,19:35:17.246461,180.250.13.34,google.com
612,19:35:22.391844,180.250.13.34,gmail.com
613,19:35:22.392230,180.250.13.34,gmail.com
616,19:35:22.508903,180.250.13.34,google.com
617,19:35:22.509190,180.250.13.34,google.com
620,19:35:25.357190,180.250.13.34,googleapis.com
621,19:35:25.357527,180.250.13.34,googleapis.com
624,19:35:25.417989,180.250.13.34,gstatic.com
625,19:35:25.418224,180.250.13.34,gstatic.com
628,19:35:26.377384,180.250.13.34,gstatic.com
629,19:35:26.377736,180.250.13.34,gstatic.com
632,19:35:26.448558,180.250.13.34,googleusercontent.com
633,19:35:26.448842,180.250.13.34,googleusercontent.com
636,19:35:26.864081,180.250.13.34,googleapis.com
637,19:35:26.864324,180.250.13.34,googleapis.com
640,19:35:27.396316,180.250.13.34,google.com
641,19:35:27.396582,180.250.13.34,google.com
644,19:35:27.427312,180.250.13.34,gstatic.com
645,19:35:27.427662,180.250.13.34,gstatic.com
648,19:35:27.732863,180.250.13.34,google.com
649,19:35:27.733161,180.250.13.34,google.com
652,19:35:29.654793,180.250.13.34,google.com
653,19:35:29.655160,180.250.13.34,google.com
656,19:35:29.912237,180.250.13.34,google.com
657,19:35:29.912511,180.250.13.34,google.com
660,19:35:29.932817,180.250.13.34,google.com
661,19:35:29.933337,180.250.13.34,google.com
664,19:35:30.423472,180.250.13.34,google.com
665,19:35:30.423850,180.250.13.34,google.com
668,19:35:30.563685,180.250.13.34,google.com
669,19:35:30.564074,180.250.13.34,google.com
672,19:35:31.009208,180.250.13.34,google.com
673,19:35:31.009487,180.250.13.34,google.com
676,19:35:31.062235,180.250.13.34,google.com
677,19:35:31.062599,180.250.13.34,google.com
680,19:35:31.615202,180.250.13.34,googleusercontent.com
681,19:35:31.615598,180.250.13.34,googleusercontent.com
684,19:35:34.619878,180.250.13.34,mandrillapp.com
685,19:35:34.620196,180.250.13.34,mandrillapp.com
688,19:35:35.750370,180.250.13.34,bing.com
690,19:35:36.657999,180.250.13.34,bing.com
692,19:35:38.270322,180.250.13.34,mongodb.net
694,19:35:38.995611,180.250.13.34,polyfill.io
695,19:35:38.996247,180.250.13.34,polyfill.io
698,19:35:39.403777,180.250.13.34,linkedin.com
699,19:35:39.404064,180.250.13.34,linkedin.com
702,19:35:39.875485,180.250.13.34,msn.com
704,19:35:40.270534,180.250.13.34,microsoft.com
706,19:35:42.107395,180.250.13.34,launchdarkly.com
707,19:35:42.107614,180.250.13.34,launchdarkly.com
710,19:35:42.878897,180.250.13.34,msftconnecttest.com
712,19:35:50.053999,180.250.13.34,tableau.com
713,19:35:50.054227,180.250.13.34,tableau.com
716,19:35:50.683558,180.250.13.34,gvt2.com
717,19:35:50.683843,180.250.13.34,gvt2.com
720,19:35:53.674409,180.250.13.34,akamaihd.net
722,19:35:54.170493,180.250.13.34,mongodb.net
724,19:35:57.605590,180.250.13.34,tableau.com
725,19:35:57.605983,180.250.13.34,tableau.com
728,19:36:03.059402,180.250.13.34,mongodb.net
730,19:36:15.545296,180.250.13.34,msn.com
732,19:36:22.975380,180.250.13.34,google.com
733,19:36:22.975677,180.250.13.34,google.com
736,19:36:23.089205,180.250.13.34,gvt2.com
737,19:36:23.089462,180.250.13.34,gvt2.com
740,19:36:32.032739,180.250.13.34,tableau.com
741,19:36:32.033160,180.250.13.34,tableau.com
744,19:36:33.573630,180.250.13.34,intellimize.co
745,19:36:33.574014,180.250.13.34,intellimize.co
746,19:36:33.677623,180.250.13.34,doubleclick.net
747,19:36:33.677871,180.250.13.34,doubleclick.net
751,19:36:33.749586,180.250.13.34,googleadservices.com
752,19:36:33.750183,180.250.13.34,googleadservices.com
753,19:36:33.760641,180.250.13.34,doubleclick.net
754,19:36:33.761036,180.250.13.34,doubleclick.net
757,19:36:33.765228,180.250.13.34,quora.com
758,19:36:33.765712,180.250.13.34,quora.com
764,19:36:34.016053,180.250.13.34,doubleclick.net
765,19:36:34.016825,180.250.13.34,doubleclick.net
768,19:36:34.025122,180.250.13.34,google.com
769,19:36:34.025366,180.250.13.34,google.com
770,19:36:34.025790,180.250.13.34,google.co.id
771,19:36:34.026024,180.250.13.34,google.co.id
776,19:36:34.278294,180.250.13.34,google.com
777,19:36:34.278648,180.250.13.34,google.com
778,19:36:34.279418,180.250.13.34,siteimproveanalytics.io
779,19:36:34.279662,180.250.13.34,siteimproveanalytics.io
783,19:36:34.921798,180.250.13.34,intellimizeio.com
784,19:36:34.922184,180.250.13.34,intellimizeio.com
788,19:36:35.527982,180.250.13.34,intellimize.co
789,19:36:35.528324,180.250.13.34,intellimize.co
790,19:36:35.653769,180.250.13.34,doubleclick.net
791,19:36:35.654134,180.250.13.34,doubleclick.net
796,19:36:35.920767,180.250.13.34,google.com
797,19:36:35.921092,180.250.13.34,google.com
800,19:36:36.856680,180.250.13.34,google.com
801,19:36:36.857292,180.250.13.34,google.com
804,19:36:40.390850,180.250.13.34,windowsupdate.com
806,19:36:40.699270,180.250.13.34,mongodb.net
808,19:36:42.977693,180.250.13.34,msftconnecttest.com
810,19:36:50.688063,180.250.13.34,nel.goog
811,19:36:50.688388,180.250.13.34,nel.goog
812,19:36:50.689173,180.250.13.34,google.com
813,19:36:50.689453,180.250.13.34,google.com
814,19:36:50.690231,180.250.13.34,gvt2.com
815,19:36:50.690571,180.250.13.34,gvt2.com
822,19:36:57.952230,180.250.13.34,mongodb.net
824,19:37:02.046860,180.250.13.34,googletagmanager.com
825,19:37:02.047246,180.250.13.34,googletagmanager.com
828,19:37:02.075753,180.250.13.34,tableau.com
829,19:37:02.076121,180.250.13.34,tableau.com
830,19:37:02.079920,180.250.13.34,linkedin.com
831,19:37:02.080220,180.250.13.34,linkedin.com
836,19:37:04.906457,180.250.13.34,brightcove.net
837,19:37:04.906808,180.250.13.34,brightcove.net
840,19:37:05.295464,180.250.13.34,zencdn.net
841,19:37:05.295875,180.250.13.34,zencdn.net
844,19:37:05.402174,180.250.13.34,brightcove.com
845,19:37:05.402583,180.250.13.34,brightcove.com
846,19:37:05.414070,180.250.13.34,brightcove.com
847,19:37:05.414458,180.250.13.34,brightcove.com
848,19:37:05.416685,180.250.13.34,brightcove.com
849,19:37:05.417754,180.250.13.34,brightcove.com
853,19:37:05.439983,180.250.13.34,googleapis.com
854,19:37:05.440403,180.250.13.34,googleapis.com
857,19:37:05.681130,180.250.13.34,3playmedia.com
858,19:37:05.681441,180.250.13.34,3playmedia.com
859,19:37:05.687923,180.250.13.34,boltdns.net
860,19:37:05.688423,180.250.13.34,boltdns.net
862,19:37:05.705165,180.250.13.34,boltdns.net
863,19:37:05.705557,180.250.13.34,boltdns.net
867,19:37:05.837292,180.250.13.34,googleapis.com
868,19:37:05.837922,180.250.13.34,googleapis.com
870,19:37:05.841566,180.250.13.34,akamaihd.net
871,19:37:05.841773,180.250.13.34,akamaihd.net
878,19:37:06.328140,180.250.13.34,brightcove.com
879,19:37:06.328368,180.250.13.34,brightcove.com
884,19:37:14.559633,180.250.13.34,mongodb.net
886,19:37:34.500549,180.250.13.34,googleapis.com
887,19:37:34.500960,180.250.13.34,googleapis.com
890,19:37:34.519258,180.250.13.34,google.com
891,19:37:34.520667,180.250.13.34,google.com
894,19:37:35.425456,180.250.13.34,tableau.com
895,19:37:35.427306,180.250.13.34,tableau.com
898,19:37:43.033770,180.250.13.34,msftconnecttest.com
900,19:37:45.287634,180.250.13.34,mongodb.net
902,19:37:50.690857,180.250.13.34,gvt2.com
903,19:37:50.691047,180.250.13.34,gvt2.com
904,19:37:50.691411,180.250.13.34,gvt2.com
905,19:37:50.691612,180.250.13.34,gvt2.com
910,19:37:50.761058,180.250.13.34,gvt2.com
911,19:37:50.761699,180.250.13.34,gvt2.com
914,19:37:57.856159,118.98.44.50,google.com
915,19:37:57.856443,118.98.44.50,google.com
918,19:37:58.366011,180.250.13.34,mongodb.net
920,19:38:04.926460,180.250.13.34,googleapis.com
921,19:38:04.927103,180.250.13.34,googleapis.com
924,19:38:17.199746,118.98.44.50,gstatic.com
925,19:38:17.200334,118.98.44.50,gstatic.com
928,19:38:17.389607,118.98.44.50,twitter.com
929,19:38:17.389989,118.98.44.50,twitter.com
930,19:38:17.390542,118.98.44.50,twimg.com
931,19:38:17.391022,118.98.44.50,twimg.com
932,19:38:17.393265,118.98.44.50,twimg.com
933,19:38:17.395214,118.98.44.50,twimg.com
940,19:38:18.331900,118.98.44.50,twitter.com
941,19:38:18.332318,118.98.44.50,twitter.com
942,19:38:18.334119,118.98.44.50,t.co
943,19:38:18.334498,118.98.44.50,t.co
947,19:38:18.397517,118.98.44.50,twimg.com
948,19:38:18.397799,118.98.44.50,twimg.com
952,19:38:21.069338,180.250.13.34,googleapis.com
953,19:38:21.069798,180.250.13.34,googleapis.com
954,19:38:21.071554,180.250.13.34,microsoft.com
958,19:38:22.984212,118.98.44.50,googleapis.com
959,19:38:22.984527,118.98.44.50,googleapis.com
962,19:38:23.232697,118.98.44.50,google-analytics.com
963,19:38:23.232943,118.98.44.50,google-analytics.com
966,19:38:24.041774,118.98.44.50,twimg.com
967,19:38:24.042143,118.98.44.50,twimg.com
970,19:38:24.634873,118.98.44.50,whatsapp.net
971,19:38:24.635286,118.98.44.50,whatsapp.net
974,19:38:24.862610,180.250.13.34,mongodb.net
976,19:38:33.847028,118.98.44.50,google.com
977,19:38:33.847241,118.98.44.50,google.com
980,19:38:43.176594,180.250.13.34,msftconnecttest.com
982,19:38:46.086162,180.250.13.34,mongodb.net
983,19:38:47.088673,118.98.44.50,mongodb.net
986,19:38:50.689794,180.250.13.34,nel.goog
987,19:38:50.690361,180.250.13.34,nel.goog
990,19:38:58.701586,180.250.13.34,gstatic.com
991,19:38:58.701935,180.250.13.34,gstatic.com
994,19:39:03.937107,180.250.13.34,mongodb.net
995,19:39:04.660390,118.98.44.50,mongodb.net
998,19:39:16.427378,118.98.44.50,gvt2.com
999,19:39:16.428483,118.98.44.50,gvt2.com
1002,19:39:26.138999,180.250.13.34,mongodb.net
1003,19:39:26.867336,118.98.44.50,mongodb.net
1006,19:39:31.912133,180.250.13.34,gvt2.com
1007,19:39:31.912688,180.250.13.34,gvt2.com
1010,19:39:43.479088,180.250.13.34,msftconnecttest.com
1012,19:39:47.387232,180.250.13.34,mongodb.net
1014,19:39:50.694915,180.250.13.34,nel.goog
1015,19:39:50.695215,180.250.13.34,nel.goog
1018,19:40:05.143108,180.250.13.34,mongodb.net
1020,19:40:17.714388,118.98.44.50,gvt2.com
1021,19:40:17.714855,118.98.44.50,gvt2.com
1024,19:40:28.026321,180.250.13.34,mongodb.net
1025,19:40:28.640016,180.250.13.34,steamstatic.com
1027,19:40:28.750564,118.98.44.50,mongodb.net
1030,19:40:39.349404,180.250.13.34,exp-tas.com
1032,19:40:43.651273,180.250.13.34,msftconnecttest.com
1034,19:40:50.827239,180.250.13.34,gvt2.com
1035,19:40:50.827689,180.250.13.34,gvt2.com
1038,19:40:51.504618,180.250.13.34,mongodb.net
1040,19:41:06.601554,180.250.13.34,mongodb.net
1042,19:41:10.269223,118.98.44.50,google.com
1043,19:41:10.270146,118.98.44.50,google.com
1046,19:41:28.570101,180.250.13.34,mongodb.net
1048,19:41:43.772773,180.250.13.34,msftconnecttest.com
1049,19:41:44.503549,118.98.44.50,msftconnecttest.com
1051,19:41:47.724858,180.250.13.34,microsoft.com
1053,19:41:53.205182,180.250.13.34,mongodb.net
1055,19:42:06.997641,180.250.13.34,mongodb.net
1057,19:42:18.208091,180.250.13.34,google.com
1058,19:42:18.208451,180.250.13.34,google.com
1061,19:42:30.333594,180.250.13.34,mongodb.net
1062,19:42:31.066589,118.98.44.50,mongodb.net
1065,19:42:44.599086,180.250.13.34,msftconnecttest.com
1067,19:42:50.698821,180.250.13.34,nel.goog
1068,19:42:50.699114,180.250.13.34,nel.goog
1071,19:42:54.075675,180.250.13.34,mongodb.net
1072,19:42:54.804834,118.98.44.50,mongodb.net
1075,19:43:14.244338,180.250.13.34,msecnd.net
1077,19:43:16.413604,180.250.13.34,mongodb.net
1079,19:43:36.811360,180.250.13.34,mongodb.net
1081,19:43:44.667589,180.250.13.34,msftconnecttest.com
1083,19:43:47.465344,118.98.44.50,google.com
1084,19:43:47.465629,118.98.44.50,google.com
1087,19:43:47.566163,118.98.44.50,gstatic.com
1088,19:43:47.566487,118.98.44.50,gstatic.com
1089,19:43:47.567559,118.98.44.50,gstatic.com
1090,19:43:47.568105,118.98.44.50,gstatic.com
1095,19:43:58.160285,180.250.13.34,mongodb.net
1096,19:43:58.346007,180.250.13.34,gstatic.com
1097,19:43:58.346344,180.250.13.34,gstatic.com
1101,19:44:12.507756,118.98.44.50,gstatic.com
1102,19:44:12.508183,118.98.44.50,gstatic.com
1103,19:44:12.508630,118.98.44.50,gstatic.com
1104,19:44:12.508948,118.98.44.50,gstatic.com
1109,19:44:12.665188,118.98.44.50,googleapis.com
1110,19:44:12.665704,118.98.44.50,googleapis.com
1113,19:44:12.829903,118.98.44.50,google.com
1114,19:44:12.830213,118.98.44.50,google.com
1117,19:44:12.976355,118.98.44.50,google.com
1118,19:44:12.976682,118.98.44.50,google.com
1121,19:44:13.872362,180.250.13.34,googleapis.com
1122,19:44:13.872742,180.250.13.34,googleapis.com
1123,19:44:13.925523,118.98.44.50,google.com
1124,19:44:13.925737,118.98.44.50,google.com
1129,19:44:14.475529,118.98.44.50,google.com
1130,19:44:14.475836,118.98.44.50,google.com
1133,19:44:14.892898,180.250.13.34,msftconnecttest.com
1135,19:44:15.306749,118.98.44.50,google.com
1136,19:44:15.307070,118.98.44.50,google.com
1139,19:44:15.743394,118.98.44.50,kursbank.net
1140,19:44:15.744141,118.98.44.50,kursbank.net
1141,19:44:15.891511,118.98.44.50,kursbank.net
1142,19:44:15.891888,180.250.13.34,kursbank.net
1144,19:44:16.036842,180.250.13.34,kursbank.net
1145,19:44:18.069475,180.250.13.34,kursbank.net
1151,19:44:19.864787,180.250.13.34,cloudflare.com
1152,19:44:19.865072,180.250.13.34,cloudflare.com
1155,19:44:21.117345,180.250.13.34,lifeloe.net
1156,19:44:21.117612,180.250.13.34,lifeloe.net
1157,19:44:21.145773,180.250.13.34,addtoany.com
1158,19:44:21.146032,180.250.13.34,addtoany.com
1163,19:44:22.296325,180.250.13.34,googletagmanager.com
1164,19:44:22.296613,180.250.13.34,googletagmanager.com
1166,19:44:22.299650,180.250.13.34,googleapis.com
1167,19:44:22.299871,180.250.13.34,googleapis.com
1171,19:44:23.713713,180.250.13.34,addtoany.com
1172,19:44:23.714105,180.250.13.34,addtoany.com
1175,19:44:24.100579,180.250.13.34,google-analytics.com
1176,19:44:24.100872,180.250.13.34,google-analytics.com
1179,19:44:27.557811,180.250.13.34,mongodb.net
1181,19:44:31.640463,180.250.13.34,spotify.com
1183,19:44:39.960717,180.250.13.34,mongodb.net
1184,19:44:40.693435,118.98.44.50,mongodb.net
1187,19:44:43.779430,180.250.13.34,gvt2.com
1188,19:44:43.780235,180.250.13.34,gvt2.com
1191,19:44:58.291680,180.250.13.34,mongodb.net
1193,19:45:15.061758,180.250.13.34,msftconnecttest.com
1195,19:45:38.182629,180.250.13.34,mongodb.net
1196,19:45:38.911150,118.98.44.50,mongodb.net
1199,19:45:40.171467,180.250.13.34,mongodb.net
1200,19:45:40.894273,118.98.44.50,mongodb.net
1203,19:45:51.507209,180.250.13.34,gvt3.com
1204,19:45:51.508048,180.250.13.34,gvt3.com
1207,19:46:02.666769,180.250.13.34,mongodb.net
1209,19:46:10.555196,180.250.13.34,google.com
1210,19:46:10.556099,180.250.13.34,google.com
1213,19:46:15.571348,180.250.13.34,msftconnecttest.com
1215,19:46:38.924922,180.250.13.34,mongodb.net
1217,19:46:46.037750,180.250.13.34,msftconnecttest.com
1219,19:46:47.392156,180.250.13.34,mongodb.net
1220,19:46:48.110376,118.98.44.50,mongodb.net
1223,19:46:50.730490,180.250.13.34,nel.goog
1224,19:46:50.730742,180.250.13.34,nel.goog
1227,19:46:55.011202,180.250.13.34,microsoft.com
1229,19:46:58.824325,180.250.13.34,digicert.com
1231,19:47:07.446898,180.250.13.34,mongodb.net
1233,19:47:38.117798,180.250.13.34,microsoft.com
1235,19:47:38.142494,180.250.13.34,microsoft.com
1237,19:47:46.103352,180.250.13.34,msftconnecttest.com
1239,19:47:48.242960,180.250.13.34,mongodb.net
1241,19:47:49.505089,180.250.13.34,mongodb.net
1243,19:48:07.151626,180.250.13.34,mongodb.net
1244,19:48:07.880163,118.98.44.50,mongodb.net
1247,19:48:09.218952,180.250.13.34,launchdarkly.com
1248,19:48:09.219292,180.250.13.34,launchdarkly.com
1251,19:48:27.441613,180.250.13.34,tableau.com
1253,19:48:30.476623,180.250.13.34,tableau.com
1255,19:48:30.667570,180.250.13.34,ss2.us
1257,19:48:30.710233,180.250.13.34,amazontrust.com
1259,19:48:30.775896,180.250.13.34,amazontrust.com
1261,19:48:34.892989,180.250.13.34,tableau.com
1263,19:48:35.700997,180.250.13.34,google-analytics.com
1265,19:48:35.913952,180.250.13.34,en25.com
1266,19:48:35.923497,180.250.13.34,tableau.com
1269,19:48:36.322528,180.250.13.34,tableau.com
1270,19:48:36.848592,180.250.13.34,google.com
1271,19:48:36.848950,180.250.13.34,google.com
1275,19:48:38.745496,180.250.13.34,newrelic.com
1277,19:48:38.936591,180.250.13.34,nr-data.net
1279,19:48:42.020636,180.250.13.34,googleapis.com
1280,19:48:42.020945,180.250.13.34,googleapis.com
1281,19:48:42.023993,180.250.13.34,google.com
1283,19:48:42.024373,180.250.13.34,google.com
1285,19:48:42.027924,180.250.13.34,knowi.com
1286,19:48:42.028192,180.250.13.34,knowi.com
1291,19:48:44.780283,180.250.13.34,zoominfo.com
1292,19:48:44.780640,180.250.13.34,zoominfo.com
1294,19:48:44.801433,180.250.13.34,google.com
1295,19:48:44.801967,180.250.13.34,google.com
1296,19:48:44.803932,180.250.13.34,google.co.id
1298,19:48:44.804306,180.250.13.34,google.co.id
1302,19:48:44.826266,180.250.13.34,googletagmanager.com
1303,19:48:44.826771,180.250.13.34,googletagmanager.com
1306,19:48:45.736202,180.250.13.34,gravatar.com
1307,19:48:45.736527,180.250.13.34,gravatar.com
1309,19:48:46.140799,180.250.13.34,google.com
1310,19:48:46.141218,180.250.13.34,google.com
1313,19:48:46.158148,180.250.13.34,msftconnecttest.com
1315,19:48:46.540540,118.98.44.50,gravatar.com
1317,19:48:46.807410,180.250.13.34,nr-data.net
1318,19:48:46.807766,180.250.13.34,nr-data.net
1322,19:48:47.684786,180.250.13.34,segment.com
1323,19:48:47.685366,180.250.13.34,segment.com
1326,19:48:47.957534,180.250.13.34,doubleclick.net
1327,19:48:47.957876,180.250.13.34,doubleclick.net
1330,19:48:48.015482,180.250.13.34,twitter.com
1331,19:48:48.015796,180.250.13.34,twitter.com
1334,19:48:48.054254,180.250.13.34,mongodb.net
1335,19:48:48.153304,180.250.13.34,google-analytics.com
1336,19:48:48.153762,180.250.13.34,google-analytics.com
1339,19:48:48.211805,180.250.13.34,zdassets.com
1340,19:48:48.212063,180.250.13.34,zdassets.com
1342,19:48:48.226204,180.250.13.34,doubleclick.net
1343,19:48:48.226426,180.250.13.34,doubleclick.net
1347,19:48:48.687578,180.250.13.34,remarketstats.com
1348,19:48:48.687866,180.250.13.34,remarketstats.com
1350,19:48:48.710282,180.250.13.34,zdassets.com
1351,19:48:48.710512,180.250.13.34,zdassets.com
1353,19:48:48.800586,180.250.13.34,google.com
1354,19:48:48.801000,180.250.13.34,google.com
1358,19:48:48.905750,180.250.13.34,centerklik.com
1359,19:48:48.906226,180.250.13.34,centerklik.com
1360,19:48:48.906695,180.250.13.34,googletagservices.com
1361,19:48:48.907003,180.250.13.34,googletagservices.com
1362,19:48:48.907461,180.250.13.34,bootstrapcdn.com
1363,19:48:48.907738,180.250.13.34,bootstrapcdn.com
1368,19:48:48.972978,180.250.13.34,linkedin.com
1369,19:48:48.973272,180.250.13.34,linkedin.com
1374,19:48:49.485011,118.98.44.50,remarketstats.com
1375,19:48:49.485932,118.98.44.50,remarketstats.com
1378,19:48:49.842580,180.250.13.34,segment.io
1379,19:48:49.842967,180.250.13.34,segment.io
1380,19:48:49.889472,180.250.13.34,zendesk.com
1381,19:48:49.889723,180.250.13.34,zendesk.com
1388,19:48:52.209367,180.250.13.34,googleapis.com
1389,19:48:52.209670,180.250.13.34,googleapis.com
1390,19:48:52.210279,180.250.13.34,google.com
1391,19:48:52.210624,180.250.13.34,google.com
1392,19:48:52.211290,180.250.13.34,googleapis.com
1393,19:48:52.211712,180.250.13.34,googleapis.com
1400,19:48:52.264729,180.250.13.34,zopim.com
1401,19:48:52.265047,180.250.13.34,zopim.com
1403,19:48:52.717589,180.250.13.34,googleapis.com
1404,19:48:52.717812,180.250.13.34,googleapis.com
1408,19:48:53.510941,180.250.13.34,gravatar.com
1409,19:48:53.511817,180.250.13.34,gravatar.com
1412,19:48:54.026529,180.250.13.34,w.org
1413,19:48:54.026985,180.250.13.34,w.org
1416,19:48:54.191501,180.250.13.34,gstatic.com
1417,19:48:54.191958,180.250.13.34,gstatic.com
1420,19:48:54.842130,180.250.13.34,google.com
1421,19:48:54.842576,180.250.13.34,google.com
1424,19:48:55.024508,180.250.13.34,jquery.com
1425,19:48:55.024845,180.250.13.34,jquery.com
1426,19:48:55.025420,180.250.13.34,googletagmanager.com
1427,19:48:55.025740,180.250.13.34,googletagmanager.com
1432,19:48:55.370850,180.250.13.34,githubassets.com
1433,19:48:55.371288,180.250.13.34,githubassets.com
1435,19:48:55.401742,180.250.13.34,google-analytics.com
1436,19:48:55.402082,180.250.13.34,google-analytics.com
1440,19:48:55.648075,180.250.13.34,github.com
1441,19:48:55.648386,180.250.13.34,github.com
1444,19:48:55.860528,180.250.13.34,google.com
1445,19:48:55.860826,180.250.13.34,google.com
1448,19:48:55.872166,180.250.13.34,gstatic.com
1449,19:48:55.872574,180.250.13.34,gstatic.com
1452,19:48:55.998609,180.250.13.34,doubleclick.net
1453,19:48:55.998895,180.250.13.34,doubleclick.net
1456,19:48:56.605343,180.250.13.34,mongodb.net
1457,19:48:57.329388,118.98.44.50,mongodb.net
1460,19:48:58.578532,180.250.13.34,gstatic.com
1461,19:48:58.578829,180.250.13.34,gstatic.com
1464,19:48:59.928489,180.250.13.34,akamaihd.net
1466,19:49:01.905875,180.250.13.34,tableausoftware.com
1468,19:49:06.080185,180.250.13.34,youngandtheinvested.com
1469,19:49:06.080522,180.250.13.34,youngandtheinvested.com
1470,19:49:06.081330,180.250.13.34,googletagmanager.com
1471,19:49:06.081835,180.250.13.34,googletagmanager.com
1476,19:49:07.529484,180.250.13.34,google.com
1477,19:49:07.529822,180.250.13.34,google.com
1478,19:49:07.530725,180.250.13.34,doubleclick.net
1479,19:49:07.531136,180.250.13.34,doubleclick.net
1481,19:49:07.533639,180.250.13.34,google.co.id
1483,19:49:07.533965,180.250.13.34,google.co.id
1488,19:49:09.319335,180.250.13.34,googleapis.com
1489,19:49:09.319710,180.250.13.34,googleapis.com
1492,19:49:09.343907,180.250.13.34,adthrive.com
1493,19:49:09.344340,180.250.13.34,adthrive.com
1496,19:49:11.496210,180.250.13.34,mongodb.net
1498,19:49:18.085388,180.250.13.34,google-analytics.com
1499,19:49:18.085701,180.250.13.34,google-analytics.com
1502,19:49:18.399553,180.250.13.34,google.com
1503,19:49:18.399812,180.250.13.34,google.com
1506,19:49:19.767066,180.250.13.34,doubleclick.net
1507,19:49:19.767391,180.250.13.34,doubleclick.net
1510,19:49:21.846071,180.250.13.34,ck.page
1511,19:49:21.846403,180.250.13.34,ck.page
1514,19:49:22.849341,180.250.13.34,woopra.com
1515,19:49:22.849555,180.250.13.34,woopra.com
1518,19:49:23.131156,180.250.13.34,convertkit.com
1519,19:49:23.131477,180.250.13.34,convertkit.com
1521,19:49:23.847786,180.250.13.34,videoplayerhub.com
1522,19:49:23.848650,180.250.13.34,videoplayerhub.com
1524,19:49:24.143770,118.98.44.50,convertkit.com
1525,19:49:24.194218,180.250.13.34,googleapis.com
1526,19:49:24.194435,180.250.13.34,googleapis.com
1531,19:49:24.866376,118.98.44.50,videoplayerhub.com
1533,19:49:25.721232,180.250.13.34,btloader.com
1534,19:49:25.721480,180.250.13.34,btloader.com
1537,19:49:25.920557,180.250.13.34,lasso.link
1538,19:49:25.920839,180.250.13.34,lasso.link
1541,19:49:27.831178,180.250.13.34,twimg.com
1542,19:49:27.831553,180.250.13.34,twimg.com
1545,19:49:27.852138,180.250.13.34,convertkit.com
1546,19:49:27.852476,180.250.13.34,convertkit.com
1548,19:49:29.305365,180.250.13.34,akamaihd.net
1551,19:49:29.407448,180.250.13.34,ad-delivery.net
1552,19:49:29.407655,180.250.13.34,ad-delivery.net
1554,19:49:29.412650,180.250.13.34,btloader.com
1555,19:49:29.412968,180.250.13.34,btloader.com
1556,19:49:29.414959,180.250.13.34,googleapis.com
1557,19:49:29.415415,180.250.13.34,googleapis.com
1564,19:49:33.043938,180.250.13.34,btloader.com
1565,19:49:33.044226,180.250.13.34,btloader.com
1567,19:49:33.106395,180.250.13.34,googletagservices.com
1568,19:49:33.106690,180.250.13.34,googletagservices.com
1572,19:49:46.233320,180.250.13.34,msftconnecttest.com
1574,19:49:55.435177,180.250.13.34,gvt2.com
1575,19:49:55.435453,180.250.13.34,gvt2.com
1578,19:49:55.523233,180.250.13.34,gvt2.com
1579,19:49:55.523480,180.250.13.34,gvt2.com
1582,19:49:56.748108,180.250.13.34,gvt2.com
1583,19:49:56.748366,180.250.13.34,gvt2.com
1586,19:49:57.457418,180.250.13.34,mongodb.net
1588,19:49:58.061124,180.250.13.34,mongodb.net
1590,19:50:07.798553,180.250.13.34,google.com
1591,19:50:07.798909,180.250.13.34,google.com
1594,19:50:07.876370,180.250.13.34,gvt2.com
1595,19:50:07.876792,180.250.13.34,gvt2.com
1598,19:50:10.168357,180.250.13.34,gvt2.com
1599,19:50:10.168668,180.250.13.34,gvt2.com
1602,19:50:14.841852,180.250.13.34,mongodb.net
1603,19:50:15.503275,118.98.44.50,mongodb.net
1606,19:50:25.902386,180.250.13.34,gvt2.com
1607,19:50:25.902972,180.250.13.34,gvt2.com
1610,19:50:38.636302,180.250.13.34,cloudfront.net
1611,19:50:38.636520,180.250.13.34,cloudfront.net
1612,19:50:38.636983,180.250.13.34,cloudfront.net
1613,19:50:38.637176,180.250.13.34,cloudfront.net
1614,19:50:38.637901,180.250.13.34,cloudfront.net
1615,19:50:38.638077,180.250.13.34,cloudfront.net
1622,19:50:39.030606,180.250.13.34,bmetrics.org
1623,19:50:39.031088,180.250.13.34,bmetrics.org
1625,19:50:40.042172,118.98.44.50,bmetrics.org
1627,19:50:46.304466,180.250.13.34,msftconnecttest.com
1629,19:50:57.096331,180.250.13.34,mongodb.net
1631,19:51:05.979500,180.250.13.34,mongodb.net
1633,19:51:10.837079,180.250.13.34,google.com
1634,19:51:10.838013,180.250.13.34,google.com
1637,19:51:15.375163,180.250.13.34,mongodb.net
1639,19:51:46.371212,180.250.13.34,msftconnecttest.com
1641,19:52:06.469206,180.250.13.34,mongodb.net
1643,19:52:06.974815,180.250.13.34,mongodb.net
1645,19:52:19.177255,180.250.13.34,mongodb.net
1647,19:52:46.446185,180.250.13.34,msftconnecttest.com
1649,19:53:14.941032,180.250.13.34,mongodb.net
1650,19:53:15.607946,118.98.44.50,mongodb.net
1653,19:53:17.530733,180.250.13.34,mongodb.net
1654,19:53:18.190190,118.98.44.50,mongodb.net
1657,19:53:22.426088,180.250.13.34,mongodb.net
1658,19:53:23.100584,118.98.44.50,mongodb.net
1661,19:53:46.653678,180.250.13.34,msftconnecttest.com
1663,19:53:58.381859,180.250.13.34,gstatic.com
1664,19:53:58.382124,180.250.13.34,gstatic.com
1667,19:53:59.862207,180.250.13.34,akamaihd.net
1669,19:54:03.717291,180.250.13.34,googleapis.com
1670,19:54:03.717642,180.250.13.34,googleapis.com
1673,19:54:03.724561,180.250.13.34,twimg.com
1674,19:54:03.724930,180.250.13.34,twimg.com
1677,19:54:04.068565,180.250.13.34,microsoft.com
1679,19:54:16.053664,180.250.13.34,mongodb.net
1681,19:54:19.136742,180.250.13.34,nr-data.net
1683,19:54:27.823732,180.250.13.34,mongodb.net
1684,19:54:28.312919,180.250.13.34,mongodb.net
1685,19:54:28.482562,118.98.44.50,mongodb.net
1687,19:54:28.983210,118.98.44.50,mongodb.net
1691,19:54:41.559651,180.250.13.34,microsoft.com
1692,19:54:41.559968,180.250.13.34,microsoft.com
1695,19:54:41.675992,180.250.13.34,microsoft.com
1696,19:54:41.676964,180.250.13.34,microsoft.com
1699,19:54:46.727110,180.250.13.34,msftconnecttest.com
1701,19:54:50.770035,180.250.13.34,nel.goog
1702,19:54:50.770306,180.250.13.34,nel.goog
1705,19:55:06.429865,180.250.13.34,exp-tas.com
1707,19:55:23.880633,180.250.13.34,mongodb.net
1708,19:55:24.062447,180.250.13.34,steamstatic.com
1711,19:55:28.921491,180.250.13.34,mongodb.net
1713,19:55:31.710433,180.250.13.34,mongodb.net
1715,19:55:46.798814,180.250.13.34,msftconnecttest.com
1717,19:56:24.724408,180.250.13.34,mongodb.net
1719,19:56:36.912050,180.250.13.34,mongodb.net
1720,19:56:37.304988,180.250.13.34,mongodb.net
1721,19:56:37.568745,118.98.44.50,mongodb.net
1723,19:56:37.969270,118.98.44.50,mongodb.net
1727,19:56:45.004033,180.250.13.34,whatsapp.net
1728,19:56:45.004338,180.250.13.34,whatsapp.net
1731,19:56:46.853866,180.250.13.34,msftconnecttest.com
